<?xml version="1.0" encoding="UTF-8"?>
<project-private xmlns="http://www.netbeans.org/ns/project-private/1">
    <editor-bookmarks xmlns="http://www.netbeans.org/ns/editor-bookmarks/2" lastBookmarkId="0"/>
    <open-files xmlns="http://www.netbeans.org/ns/projectui-open-files/2">
        <group>
            <file>file:/home/andre/Downloads/workspace/fugjkl/src/java/jpa/entities/Atividade.java</file>
            <file>file:/home/andre/Downloads/workspace/fugjkl/src/java/jsf/AtividadeController.java</file>
            <file>file:/home/andre/Downloads/workspace/fugjkl/src/java/resources/Bundle.properties</file>
            <file>file:/home/andre/Downloads/workspace/fugjkl/src/java/jpa/session/AtividadeFacade.java</file>
        </group>
    </open-files>
</project-private>
