<?xml version="1.0" encoding="UTF-8"?>
<project-private xmlns="http://www.netbeans.org/ns/project-private/1">
    <editor-bookmarks xmlns="http://www.netbeans.org/ns/editor-bookmarks/2" lastBookmarkId="0"/>
    <open-files xmlns="http://www.netbeans.org/ns/projectui-open-files/2">
        <group>
            <file>file:/home/andre/Downloads/workspace/fugjkl/web/papel/Edit.xhtml</file>
            <file>file:/home/andre/Downloads/workspace/fugjkl/src/java/jsf/ProdutoController.java</file>
            <file>file:/home/andre/Downloads/workspace/fugjkl/src/java/jsf/ProcessoController.java</file>
            <file>file:/home/andre/Downloads/workspace/fugjkl/src/java/jsf/PapelController.java</file>
            <file>file:/home/andre/Downloads/workspace/fugjkl/web/papel/View.xhtml</file>
            <file>file:/home/andre/Downloads/workspace/fugjkl/web/produto/Create.xhtml</file>
            <file>file:/home/andre/Downloads/workspace/fugjkl/web/produto/Edit.xhtml</file>
            <file>file:/home/andre/Downloads/workspace/fugjkl/web/atividade/View.xhtml</file>
            <file>file:/home/andre/Downloads/workspace/fugjkl/web/produto/View.xhtml</file>
        </group>
    </open-files>
</project-private>
