<?xml version="1.0" encoding="UTF-8"?>
<project-private xmlns="http://www.netbeans.org/ns/project-private/1">
    <editor-bookmarks xmlns="http://www.netbeans.org/ns/editor-bookmarks/2" lastBookmarkId="0"/>
    <open-files xmlns="http://www.netbeans.org/ns/projectui-open-files/2">
        <group>
            <file>file:/home/andre/NetBeansProjects/les_teste/src/java/jsf/ProcessoController.java</file>
            <file>file:/home/andre/NetBeansProjects/les_teste/src/java/jpa/session/ProcessoFacade.java</file>
            <file>file:/home/andre/NetBeansProjects/les_teste/src/java/jpa/entities/Processo.java</file>
        </group>
    </open-files>
</project-private>
