<?xml version="1.0" encoding="UTF-8"?>
<project-private xmlns="http://www.netbeans.org/ns/project-private/1">
    <editor-bookmarks xmlns="http://www.netbeans.org/ns/editor-bookmarks/2" lastBookmarkId="0"/>
    <open-files xmlns="http://www.netbeans.org/ns/projectui-open-files/2">
        <group>
            <file>file:/home/andre/NetBeansProjects/GPD/web/atividade/Create.xhtml</file>
            <file>file:/home/andre/NetBeansProjects/GPD/src/java/jsf/AtividadeController.java</file>
            <file>file:/home/andre/NetBeansProjects/GPD/web/atividade/List.xhtml</file>
            <file>file:/home/andre/NetBeansProjects/GPD/src/java/jpa/entities/Produto.java</file>
            <file>file:/home/andre/NetBeansProjects/GPD/web/papel/Edit.xhtml</file>
            <file>file:/home/andre/NetBeansProjects/GPD/src/java/resources/Bundle.properties</file>
            <file>file:/home/andre/NetBeansProjects/GPD/src/java/jpa/entities/Atividade.java</file>
            <file>file:/home/andre/NetBeansProjects/GPD/web/atividade/associatePapel.xhtml</file>
            <file>file:/home/andre/NetBeansProjects/GPD/src/java/jsf/PapelController.java</file>
            <file>file:/home/andre/NetBeansProjects/GPD/web/atividade/associatePadrao.xhtml</file>
            <file>file:/home/andre/NetBeansProjects/GPD/src/java/jpa/entities/ProdutohasAtividade.java</file>
            <file>file:/home/andre/NetBeansProjects/GPD/src/java/jpa/entities/Padrao.java</file>
            <file>file:/home/andre/NetBeansProjects/GPD/src/java/jsf/PadraoController.java</file>
            <file>file:/home/andre/NetBeansProjects/GPD/src/java/jpa/entities/PapelhasAtividade.java</file>
            <file>file:/home/andre/NetBeansProjects/GPD/src/java/jpa/session/PapelhasAtividadeFacade.java</file>
        </group>
    </open-files>
</project-private>
