<?xml version="1.0" encoding="UTF-8"?>
<project-private xmlns="http://www.netbeans.org/ns/project-private/1">
    <editor-bookmarks xmlns="http://www.netbeans.org/ns/editor-bookmarks/2" lastBookmarkId="0"/>
    <open-files xmlns="http://www.netbeans.org/ns/projectui-open-files/2">
        <group>
            <file>file:/home/andre/NetBeansProjects/GPD/web/resources/javascript/filterPapers.js</file>
            <file>file:/home/andre/NetBeansProjects/GPD/web/atividade/ViewCopy.xhtml</file>
            <file>file:/home/andre/NetBeansProjects/GPD/web/resources/css/stylesheet.css</file>
            <file>file:/home/andre/NetBeansProjects/GPD/web/atividade/List.xhtml</file>
            <file>file:/home/andre/NetBeansProjects/GPD/web/stylesheet.css</file>
            <file>file:/home/andre/NetBeansProjects/GPD/web/atividade/EditCopy.xhtml</file>
            <file>file:/home/andre/NetBeansProjects/GPD/web/resources/javascript/filterProcesses.js</file>
            <file>file:/home/andre/NetBeansProjects/GPD/web/template.xhtml</file>
            <file>file:/home/andre/NetBeansProjects/GPD/web/resources/javascript/filterActivities.js</file>
            <file>file:/home/andre/NetBeansProjects/GPD/web/resources/javascript/filterProducts.js</file>
            <file>file:/home/andre/NetBeansProjects/GPD/web/resources/javascript/checkboxes.js</file>
        </group>
    </open-files>
</project-private>
